timeString,year,month,day,hour,minute,second,pex,tex,rhsh,tgrad,nb,dbeg,dend,conctotal,10,12,14,16,19,22,26,30,35,41,48,56,65,76,89,105,122,143,167,196,229,267,313,366,428,500,time
2020-03-16 23:54:49,2020,3,16,23,54,49,1007.8,296.8,31.2,-99.9,26,10.0,500.0,2263.2,281.9,165.8,559.3,432.7,305.7,601.4,707.9,1283.2,1075.1,1647.0,2031.7,2202.2,1335.4,659.7,1719.6,2713.4,2112.5,1866.9,1878.6,440.7,2075.2,1891.7,1899.0,1382.6,1188.3,844.4,2020-03-16 23:54:49
2020-03-17 00:08:30,2020,3,17,0,8,30,1008.1,296.6,31.2,-99.9,26,10.0,500.0,2574.8,797.7,628.0,449.8,419.5,559.5,1059.1,709.1,1154.5,1525.4,1108.8,1471.6,1754.1,2061.0,2252.7,2483.3,2366.5,1859.3,2110.4,2085.0,1519.0,1892.7,1509.5,1922.2,1457.3,1090.4,1640.8,2020-03-17 00:08:30
2020-03-17 00:22:11,2020,3,17,0,22,11,1008.3,296.5,31.2,-99.9,26,10.0,500.0,2728.6,691.3,570.2,495.4,627.9,687.3,905.8,951.6,1321.8,1527.0,1667.7,1987.1,2079.3,2235.6,2197.7,2390.2,2620.0,2237.7,1848.2,1931.2,1691.9,1842.0,1497.3,1880.8,1570.7,1181.3,1514.0,2020-03-17 00:22:11
2020-03-17 00:35:52,2020,3,17,0,35,52,1008.4,296.4,31.2,-99.9,26,10.0,500.0,2578.3,692.0,536.6,518.7,579.1,781.3,953.4,1033.6,968.4,1196.9,1322.5,1671.5,1991.2,2074.9,1908.6,2147.3,2473.9,2322.8,1935.9,2052.1,1880.5,1743.1,1441.3,1840.1,1465.3,971.1,1437.4,2020-03-17 00:35:52
2020-03-17 00:49:33,2020,3,17,0,49,33,1008.4,296.3,31.2,-99.9,26,10.0,500.0,2653.7,644.3,507.5,501.9,692.0,672.3,868.6,1101.5,1083.6,1337.6,1642.7,1897.6,1744.0,1852.0,2292.3,2526.5,2493.7,1924.7,2126.1,1948.2,1859.4,2036.2,1417.5,1701.8,1557.7,1150.4,1467.8,2020-03-17 00:49:33
2020-03-17 01:03:14,2020,3,17,1,3,14,1008.5,296.3,31.1,-99.9,26,10.0,500.0,2498.8,896.1,470.0,442.1,537.3,714.3,512.8,904.4,1221.3,1367.1,1430.8,1578.9,1662.4,1780.5,1936.8,1903.1,2188.9,2252.0,1899.9,1888.0,2003.6,2045.8,1444.7,1584.1,1455.3,1185.1,1464.7,2020-03-17 01:03:14
2020-03-17 01:16:55,2020,3,17,1,16,55,1008.6,296.3,31.1,-99.9,26,10.0,500.0,2651.3,805.0,688.9,525.4,619.2,766.3,927.8,999.6,1224.1,1272.2,1618.5,1906.5,1831.1,1849.7,2178.0,2178.0,1881.3,1943.4,2038.2,2111.3,1985.6,2007.0,1554.9,1892.2,1594.0,1177.8,1436.5,2020-03-17 01:16:55
2020-03-17 01:30:36,2020,3,17,1,30,36,1008.6,296.3,31.0,-99.9,26,10.0,500.0,2580.0,552.6,560.7,545.4,506.8,708.1,807.7,886.5,1116.9,1439.5,1463.3,1571.4,1862.7,2014.6,2150.0,2136.0,2365.7,2504.1,2314.4,2180.4,1477.4,1732.9,1556.8,1722.3,1433.7,901.4,1452.1,2020-03-17 01:30:36
2020-03-17 01:44:17,2020,3,17,1,44,17,1008.7,296.3,31.0,-99.9,26,10.0,500.0,2786.2,749.1,555.7,565.4,680.3,691.3,771.8,990.5,1161.1,1389.3,1715.4,1738.7,1896.8,2017.7,2364.4,2331.3,2435.7,2125.3,2311.6,2483.1,1975.6,2217.6,1604.6,2029.3,1431.8,1081.2,1684.4,2020-03-17 01:44:17
2020-03-17 01:57:58,2020,3,17,1,57,58,1008.8,296.1,31.0,-99.9,26,10.0,500.0,2820.5,875.8,701.6,468.3,696.6,866.8,1011.1,1097.3,1089.8,1465.7,1779.6,1686.7,1954.4,2419.7,2363.3,2431.9,2118.1,1990.5,2215.6,2238.6,1953.0,2182.5,1703.2,1908.5,1512.9,1124.4,1646.5,2020-03-17 01:57:58
2020-03-17 02:11:39,2020,3,17,2,11,39,1008.9,296.1,30.9,-99.9,26,10.0,500.0,2727.0,378.6,547.7,472.8,585.0,735.2,1001.3,941.7,1178.9,1504.9,1669.9,1752.5,1744.7,2037.9,1739.3,2686.5,2706.3,1795.9,1866.3,2405.2,1835.4,2039.5,1719.4,2125.4,1706.1,1251.9,1698.7,2020-03-17 02:11:39
2020-03-17 02:25:20,2020,3,17,2,25,20,1009.0,296.0,30.9,-99.9,26,10.0,500.0,2621.2,757.2,491.8,499.0,566.1,704.1,674.5,1075.9,1209.2,930.5,1358.8,1709.0,1602.7,1983.8,2321.0,2225.6,2023.6,2209.2,2118.0,1969.1,1658.0,2365.9,1793.0,2106.4,1459.2,1210.1,1548.2,2020-03-17 02:25:20
2020-03-17 02:39:01,2020,3,17,2,39,1,1009.0,296.0,30.8,-99.9,26,10.0,500.0,3233.4,676.9,670.6,732.4,802.1,765.7,1031.2,1286.1,1305.1,1647.4,1945.1,2182.9,2372.1,2766.4,2888.9,2449.9,2914.0,3075.0,2510.5,2504.6,2140.5,2273.3,1936.3,2253.5,1657.9,1226.1,1564.2,2020-03-17 02:39:01
2020-03-17 02:52:42,2020,3,17,2,52,42,1009.1,296.0,30.8,-99.9,26,10.0,500.0,3254.9,1102.6,732.8,745.8,912.2,913.3,1144.9,1141.5,1495.1,1547.4,1657.0,2207.8,2419.2,2678.6,2525.2,2554.2,3199.0,3132.4,2441.9,2545.4,2216.4,1886.8,1820.4,2308.4,1784.8,1233.1,1549.8,2020-03-17 02:52:42
2020-03-17 03:06:23,2020,3,17,3,6,23,1009.3,295.9,30.8,-99.9,26,10.0,500.0,3247.2,977.2,873.5,727.4,797.3,1014.6,1077.0,1179.5,1425.6,1784.1,1975.9,2069.3,2247.3,2360.4,2498.6,2383.5,2497.8,3109.7,2627.2,2433.0,2449.1,2861.2,1935.1,2243.3,1320.9,1169.8,1743.3,2020-03-17 03:06:23
2020-03-17 03:20:04,2020,3,17,3,20,4,1009.2,295.9,30.8,-99.9,26,10.0,500.0,3199.7,803.0,603.5,661.9,745.6,771.9,964.7,1256.2,1423.4,1674.3,1938.9,2156.2,2055.1,2641.4,2666.6,2834.1,2958.8,3131.6,2652.8,2417.4,2254.0,2361.4,1706.2,1974.0,1541.2,1199.7,1688.9,2020-03-17 03:20:04
2020-03-17 03:33:45,2020,3,17,3,33,45,1009.2,295.8,30.7,-99.9,26,10.0,500.0,2934.3,862.2,593.6,631.1,808.5,898.2,996.2,1191.5,1301.9,1560.5,1795.6,1795.8,2178.8,2594.4,2335.3,1922.4,2780.3,2463.7,2277.3,1751.5,2107.6,2271.7,1626.2,1949.6,1637.0,1280.0,1566.2,2020-03-17 03:33:45
2020-03-17 03:47:26,2020,3,17,3,47,26,1009.2,295.8,30.7,-99.9,26,10.0,500.0,3085.8,803.0,625.8,661.8,618.8,817.2,1032.9,1263.6,1358.1,1371.9,1703.8,1978.9,1817.9,2344.4,2688.6,2709.5,2744.0,2878.8,2712.6,2566.2,2135.9,2351.9,1826.6,1973.4,1619.0,1200.9,1601.4,2020-03-17 03:47:26
2020-03-17 04:01:07,2020,3,17,4,1,7,1009.2,295.8,30.7,-99.9,26,10.0,500.0,3259.1,803.0,871.7,761.1,746.9,812.0,1068.3,1419.6,1518.6,1624.8,1884.4,2100.2,1496.3,2492.4,2910.2,2959.8,2909.3,3055.1,2893.7,2699.7,2354.6,2165.4,1837.3,2071.3,1635.3,1220.0,1646.1,2020-03-17 04:01:07
2020-03-17 04:14:48,2020,3,17,4,14,48,1009.4,295.8,30.6,-99.9,26,10.0,500.0,3317.1,815.3,598.5,745.8,686.8,926.0,1116.2,1285.1,1435.3,1638.3,1959.0,2279.7,2389.1,2677.9,2951.6,2916.6,2950.5,2906.1,2654.3,2582.0,2352.2,2382.7,1916.3,2151.0,1640.4,1239.1,1614.8,2020-03-17 04:14:48
2020-03-17 04:28:29,2020,3,17,4,28,29,1009.5,295.8,30.6,-99.9,26,10.0,500.0,3159.5,836.1,704.9,731.3,833.4,918.5,1196.4,1337.2,1516.0,1695.9,2034.3,2026.3,2270.1,2626.5,2743.7,2376.8,2522.6,2984.3,2756.1,2338.0,1710.7,2327.3,1809.3,2080.1,1441.7,1172.0,1502.4,2020-03-17 04:28:29
2020-03-17 04:42:10,2020,3,17,4,42,10,1009.6,295.8,30.5,-99.9,26,10.0,500.0,3074.7,575.6,726.2,740.1,611.3,698.9,1142.1,1333.9,1514.9,1809.8,1943.1,2064.0,2131.0,2285.6,2461.7,2775.2,2782.5,2314.0,2484.6,2511.7,1859.0,2203.1,1858.0,2206.1,1575.0,1218.1,1418.2,2020-03-17 04:42:10
2020-03-17 04:55:51,2020,3,17,4,55,51,1009.7,295.6,30.5,-99.9,26,10.0,500.0,3032.2,994.2,853.5,728.4,857.8,1011.4,1053.3,1245.2,1163.3,1535.9,1860.2,1855.6,2129.1,2059.0,2438.2,2405.7,2727.8,2752.1,2578.1,2304.7,2168.6,2265.1,1679.4,1921.4,1530.8,1187.2,1311.9,2020-03-17 04:55:51
2020-03-17 05:09:32,2020,3,17,5,9,32,1009.9,295.6,30.5,-99.9,26,10.0,500.0,3132.0,891.5,572.1,538.1,738.9,818.9,1047.8,1168.7,1385.7,1597.6,1808.6,2169.7,2431.1,2460.6,2568.9,2661.8,2880.1,2818.5,2632.3,2486.2,2105.3,2282.7,1886.0,2043.0,1568.4,1194.7,1330.0,2020-03-17 05:09:32
2020-03-17 05:23:13,2020,3,17,5,23,13,1010.0,295.6,30.5,-99.9,26,10.0,500.0,3205.2,969.4,681.3,663.5,825.3,935.2,1162.9,1310.1,1425.1,1819.2,1923.5,2156.2,2250.0,2459.6,2546.3,2747.9,2943.5,2585.1,2320.2,2523.9,2193.8,2391.4,1764.8,2163.1,1622.4,1237.6,1542.5,2020-03-17 05:23:13
2020-03-17 05:36:54,2020,3,17,5,36,54,1010.1,295.6,30.5,-99.9,26,10.0,500.0,3149.9,966.3,805.1,796.7,705.4,789.7,1088.0,1232.1,1518.4,1641.6,1773.8,2094.0,2115.9,2147.0,2395.5,2916.9,3057.4,2736.8,2604.2,2531.3,1984.8,2293.4,1966.8,2113.3,1590.7,1188.3,1296.6,2020-03-17 05:36:54
2020-03-17 05:50:35,2020,3,17,5,50,35,1010.2,295.6,30.4,-99.9,26,10.0,500.0,3177.3,967.3,789.5,756.6,693.1,974.1,1114.8,1281.3,1457.0,1673.4,1970.8,2139.1,2206.4,2379.2,2387.5,2852.3,2996.4,3090.9,2579.0,2550.5,1869.9,2151.7,1679.5,2016.7,1608.8,1284.3,1283.2,2020-03-17 05:50:35
2020-03-17 06:04:16,2020,3,17,6,4,16,1010.2,295.6,30.4,-99.9,26,10.0,500.0,3064.6,528.6,581.2,671.7,674.0,874.9,1080.3,1235.7,1363.4,1629.7,1868.8,1989.8,2180.4,2424.6,2645.7,2663.7,2778.0,2755.8,2307.0,1966.9,2144.8,2321.4,1867.4,2159.3,1692.2,1208.7,1480.9,2020-03-17 06:04:16
2020-03-17 06:17:57,2020,3,17,6,17,57,1010.3,295.8,30.4,-99.9,26,10.0,500.0,3094.6,899.8,729.2,700.0,648.5,783.9,1052.9,1200.1,1264.9,1536.0,1900.3,1946.9,2284.7,2242.9,2153.9,2753.8,2698.0,2871.3,2663.8,2584.4,2480.7,2572.6,1981.6,1964.4,1557.1,1198.8,865.5,2020-03-17 06:17:57
2020-03-17 06:31:38,2020,3,17,6,31,38,1010.4,295.8,30.4,-99.9,26,10.0,500.0,2718.2,483.6,520.8,533.5,608.9,776.8,895.5,1003.1,1288.5,1408.6,1592.8,1755.9,2074.6,1775.5,1994.2,2301.7,2425.5,2480.8,2155.9,2145.8,2039.2,2213.1,1855.6,2070.1,1514.5,1177.4,906.2,2020-03-17 06:31:38
2020-03-17 06:45:19,2020,3,17,6,45,19,1010.6,295.8,30.5,-99.9,26,10.0,500.0,2762.4,596.1,509.9,413.7,557.2,741.0,974.5,996.0,1246.9,1393.7,1485.8,1745.7,2063.4,2223.7,2317.4,2443.2,2631.2,2550.5,2085.8,2079.5,1849.9,2081.6,1618.0,1964.3,1534.7,1172.9,1372.4,2020-03-17 06:45:19
2020-03-17 06:59:00,2020,3,17,6,59,0,1010.7,295.6,30.5,-99.9,26,10.0,500.0,2661.2,608.6,609.8,635.8,482.1,773.1,747.9,901.2,1160.6,1285.0,1536.8,1805.3,1967.0,2135.2,2270.1,2444.8,2580.9,2552.8,2303.7,1677.0,1283.7,1963.6,1851.4,2035.5,1530.2,1114.5,903.3,2020-03-17 06:59:00
2020-03-17 07:12:41,2020,3,17,7,12,41,1010.7,295.6,30.5,-99.9,26,10.0,500.0,2562.4,632.4,523.0,576.9,566.2,703.0,835.1,1091.8,1140.3,1294.2,1537.1,1541.7,1797.7,1950.0,2084.5,2196.8,2338.0,2278.7,1259.0,1875.9,1763.3,2096.4,1617.2,2009.0,1522.4,1133.5,1340.9,2020-03-17 07:12:41
2020-03-17 07:26:22,2020,3,17,7,26,22,1010.9,295.6,30.5,-99.9,26,10.0,500.0,2631.9,891.2,577.4,528.9,524.9,660.9,828.9,1064.1,1210.4,1362.4,1591.7,1736.5,1785.4,2023.3,2360.5,2770.6,2730.0,2424.9,550.7,1664.4,1968.5,2206.0,1892.7,2006.4,1487.8,1011.8,868.1,2020-03-17 07:26:22
2020-03-17 07:40:03,2020,3,17,7,40,3,1010.9,295.6,30.5,-99.9,26,10.0,500.0,2784.1,821.7,592.6,625.3,684.2,813.4,940.7,1077.7,1244.5,1409.9,1582.6,1756.9,1950.4,2019.4,2150.0,2396.7,2475.2,2467.8,2111.9,2154.5,1925.3,2094.2,1699.8,1910.3,1577.0,1271.1,1214.1,2020-03-17 07:40:03
2020-03-17 07:53:44,2020,3,17,7,53,44,1011.0,295.6,30.5,-99.9,26,10.0,500.0,2815.2,605.9,623.6,639.1,650.3,853.8,862.1,1053.4,1183.6,1332.6,1496.9,1815.2,1943.0,2033.2,2315.8,2558.3,2461.9,2432.1,2237.3,2271.0,1940.8,2195.2,1803.7,2110.6,1561.4,1159.0,1284.9,2020-03-17 07:53:44
2020-03-17 08:07:25,2020,3,17,8,7,25,1011.2,295.6,30.4,-99.9,26,10.0,500.0,2828.4,619.1,592.6,609.4,634.5,757.4,987.2,1145.4,1198.2,1476.8,1592.4,1908.3,2120.7,2190.0,2274.1,2580.6,2467.6,2131.9,2166.6,2218.0,1907.4,2167.2,1830.8,2056.1,1620.3,1191.4,1175.1,2020-03-17 08:07:25
2020-03-17 08:21:06,2020,3,17,8,21,6,1011.4,295.6,30.4,-99.9,26,10.0,500.0,2845.7,664.7,565.7,594.3,655.0,791.8,950.8,985.2,1250.4,1427.6,1805.3,1846.3,2114.0,2048.5,2221.0,2421.9,2632.7,2636.9,2245.6,2166.4,1960.1,2061.7,1613.6,2061.9,1641.3,1275.3,1236.5,2020-03-17 08:21:06
2020-03-17 08:34:47,2020,3,17,8,34,47,1011.7,295.6,30.3,-99.9,26,10.0,500.0,2882.3,831.9,646.7,649.6,676.5,820.7,947.5,1200.1,1399.8,1530.1,1656.9,1821.4,2068.7,2400.5,2317.2,2519.9,2614.5,2620.9,2225.5,2224.5,1811.2,2123.8,1849.2,1952.5,1579.7,1187.9,735.9,2020-03-17 08:34:47
2020-03-17 08:48:28,2020,3,17,8,48,28,1011.7,295.8,30.3,-99.9,26,10.0,500.0,2689.8,797.3,531.1,601.7,667.4,769.2,995.4,1099.4,1180.3,1370.7,1494.0,1677.0,1831.4,1997.7,2198.6,2443.6,2319.3,2290.8,2035.2,2209.9,2004.6,1753.8,1640.1,1986.7,1579.8,1140.1,964.1,2020-03-17 08:48:28
2020-03-17 09:02:09,2020,3,17,9,2,9,1011.7,295.8,30.3,-99.9,26,10.0,500.0,2518.9,573.3,504.2,612.0,675.5,814.2,871.9,938.3,1080.7,1295.1,1508.5,1765.7,2009.7,1937.1,2386.0,992.4,1679.3,2229.3,2092.3,2113.8,1932.1,2139.0,1739.6,1859.3,1390.7,1066.2,859.3,2020-03-17 09:02:09
2020-03-17 09:15:50,2020,3,17,9,15,50,1011.6,295.8,30.3,-99.9,26,10.0,500.0,2523.5,685.1,416.1,536.0,572.1,668.7,850.3,937.6,1196.8,1237.6,1397.1,1644.4,1799.6,1933.2,1947.1,2091.6,2341.0,2623.3,2164.0,2075.7,1063.8,1862.7,1658.4,1912.7,1459.1,1121.8,936.8,2020-03-17 09:15:50
2020-03-17 09:29:31,2020,3,17,9,29,31,1011.8,295.9,30.2,-99.9,26,10.0,500.0,2632.2,694.8,617.4,560.0,641.0,806.7,846.1,1063.1,1247.7,1300.0,1076.4,1703.3,1945.1,2154.5,1679.5,2178.9,2505.8,2316.4,2228.8,2147.3,1810.4,1992.9,1755.5,1963.3,1497.4,1127.0,873.7,2020-03-17 09:29:31
2020-03-17 09:43:12,2020,3,17,9,43,12,1011.9,296.0,30.1,-99.9,26,10.0,500.0,2663.9,638.1,545.8,622.0,610.1,856.4,900.5,1124.1,1177.0,1417.9,1473.1,1677.0,1901.9,2048.7,2124.3,2343.5,2473.1,2326.2,2063.4,1971.7,1850.3,2025.7,1796.1,1876.1,1515.7,1059.7,780.4,2020-03-17 09:43:12
2020-03-17 09:56:53,2020,3,17,9,56,53,1012.0,296.3,30.1,-99.9,26,10.0,500.0,2600.1,638.1,698.6,565.5,621.2,809.6,910.3,986.4,1240.9,1438.8,1403.0,1646.9,1821.4,2026.9,2062.2,2392.1,2252.5,2250.8,2011.8,2011.1,1789.0,2006.2,1686.6,1785.0,1384.2,1030.8,789.7,2020-03-17 09:56:53
2020-03-17 10:10:34,2020,3,17,10,10,34,1012.1,296.3,30.2,-99.9,26,10.0,500.0,2548.4,570.3,567.0,524.3,614.4,771.7,853.6,961.7,1188.9,1060.9,1499.6,1688.1,1838.4,2000.8,2180.6,2324.1,2428.6,2325.3,1986.8,1875.6,1661.5,1939.5,1622.3,1818.9,1387.7,1009.2,798.5,2020-03-17 10:10:34
2020-03-17 10:24:15,2020,3,17,10,24,15,1012.0,296.3,30.3,-99.9,26,10.0,500.0,2491.7,673.1,563.3,626.4,541.3,736.8,910.8,950.4,1163.7,1245.9,1115.0,1626.4,1855.1,1945.8,2273.3,2304.4,1544.3,2089.1,1885.4,2051.3,1800.1,1983.3,1647.4,1837.8,1382.1,1077.4,834.7,2020-03-17 10:24:15
2020-03-17 10:37:56,2020,3,17,10,37,56,1012.1,296.3,30.3,-99.9,26,10.0,500.0,2564.3,738.1,610.6,468.0,605.6,698.3,876.7,1006.7,1134.4,1364.5,1546.6,1753.4,1644.1,1792.9,2091.4,2265.6,2423.4,2223.9,2181.5,2024.5,1699.4,1784.6,1632.0,1823.8,1457.3,1064.0,822.0,2020-03-17 10:37:56
2020-03-17 10:51:37,2020,3,17,10,51,37,1012.5,296.3,30.2,-99.9,26,10.0,500.0,2592.4,690.4,595.1,597.7,612.3,698.3,889.1,1126.5,1226.5,1302.0,1392.9,1590.0,1788.1,1905.8,2150.3,2288.3,2356.9,2419.4,1998.6,1981.1,1740.4,2117.8,1695.1,1785.3,1397.0,1038.6,763.9,2020-03-17 10:51:37
2020-03-17 11:05:18,2020,3,17,11,5,18,1012.5,296.4,30.2,-99.9,26,10.0,500.0,2641.7,677.5,567.0,583.9,633.3,765.9,849.2,1073.1,1184.5,1357.3,1524.5,1713.5,1877.5,2112.3,2241.1,2385.3,2208.3,2316.4,2037.0,2091.6,1921.7,1998.5,1534.9,1732.2,1363.2,1050.7,1071.7,2020-03-17 11:05:18
2020-03-17 11:18:59,2020,3,17,11,18,59,1012.4,296.6,30.1,-99.9,26,10.0,500.0,2751.6,756.3,609.6,661.9,734.2,768.9,862.6,1147.2,1253.9,1442.0,1579.0,1725.5,1964.8,2114.5,2148.8,2476.0,2446.0,2502.6,2121.7,2193.0,1871.7,1972.3,1695.9,1862.5,1466.9,1101.0,1010.4,2020-03-17 11:18:59
2020-03-17 11:33:10,2020,3,17,11,33,10,1012.3,296.8,30.1,-99.9,26,10.0,500.0,9670.4,2056.3,1813.1,2040.2,2241.6,2672.6,3265.0,3911.4,4944.3,5556.0,6610.0,7439.2,7941.6,8454.6,8847.0,9046.9,9407.2,8855.7,8112.8,7610.0,6328.2,6532.9,5200.3,4995.6,3703.0,2709.5,2002.9,2020-03-17 11:33:10
2020-03-17 11:46:51,2020,3,17,11,46,51,1012.3,297.1,30.0,-99.9,26,10.0,500.0,9998.9,2122.5,1942.0,2030.5,2377.6,2956.8,3582.1,4452.8,4942.7,5831.6,6474.8,7140.5,7775.1,8959.4,9074.9,9351.0,9757.5,9252.8,8498.7,8007.4,6842.0,6578.0,5405.1,5309.7,3785.5,2784.4,1896.8,2020-03-17 11:46:51
2020-03-17 12:00:32,2020,3,17,12,0,32,1012.2,297.3,29.9,-99.9,26,10.0,500.0,10155.0,2384.2,2165.3,2231.6,2289.0,3165.7,3672.8,4439.5,4919.8,5801.7,6594.1,7514.0,8410.4,8629.7,9609.1,9631.5,10226.2,9124.7,8113.4,7797.3,6569.5,6764.8,5225.9,5238.2,3876.9,2940.9,2085.5,2020-03-17 12:00:32
2020-03-17 12:14:13,2020,3,17,12,14,13,1012.2,297.6,29.8,-99.9,26,10.0,500.0,10066.0,2250.2,2248.8,2137.3,2530.7,2943.0,3602.0,4213.6,5203.1,6130.7,6764.6,7361.8,7913.5,8742.0,9260.1,9506.1,9313.0,9411.1,7892.9,7709.2,6749.2,6447.3,5361.5,5373.2,4027.1,2886.0,2145.9,2020-03-17 12:14:13
2020-03-17 12:27:54,2020,3,17,12,27,54,1012.2,297.8,29.9,-99.9,26,10.0,500.0,10076.0,2085.7,2425.7,2407.9,2528.2,3008.0,3676.2,4297.5,5258.7,5777.0,6591.0,7504.1,7680.7,8832.6,9485.5,9634.9,9380.3,8788.3,8255.9,7406.6,6764.1,6808.8,5492.7,5372.6,3977.1,2684.0,2139.0,2020-03-17 12:27:54
2020-03-17 12:41:35,2020,3,17,12,41,35,1012.2,298.0,30.0,-99.9,26,10.0,500.0,9934.3,2259.1,1792.0,2027.7,2391.8,2922.6,3619.9,4321.4,5070.3,5778.4,6502.4,7019.8,8218.1,8750.8,9018.5,9619.4,9469.9,9326.0,8042.5,7642.3,6686.0,6488.5,5150.8,5053.4,3826.4,2736.8,2446.7,2020-03-17 12:41:35
2020-03-17 12:55:16,2020,3,17,12,55,16,1012.3,298.1,30.2,-99.9,26,10.0,500.0,3960.4,2120.9,2074.5,2007.2,2339.4,3259.1,3684.4,3833.4,1673.3,1651.8,1854.1,1950.4,2238.6,2364.7,2481.9,2679.1,2577.0,2626.4,2367.9,2349.7,1978.2,2194.9,1734.9,2021.2,1584.9,1194.7,1433.7,2020-03-17 12:55:16
2020-03-17 13:08:57,2020,3,17,13,8,57,1012.1,298.0,30.3,-99.9,26,10.0,500.0,4633.0,552.3,626.4,628.1,775.6,709.3,1565.3,14423.9,14039.7,1655.6,2328.4,5416.3,2582.9,2235.7,2266.1,2169.2,2139.3,2600.1,3538.3,3798.2,2951.7,541.0,13.1,40.7,18.2,5.7,552.8,2020-03-17 13:08:57
2020-03-17 13:22:38,2020,3,17,13,22,38,1012.0,298.0,30.4,-99.9,26,10.0,500.0,791.7,0.0,0.0,0.0,0.0,0.0,7.8,18.8,13.5,7.9,0.0,255.9,330.3,405.8,540.0,583.2,308.0,132.6,0.0,990.3,954.7,1269.9,1147.7,1577.7,1260.0,1042.8,802.8,2020-03-17 13:22:38
2020-03-17 13:36:19,2020,3,17,13,36,19,1012.0,298.0,30.4,-99.9,26,10.0,500.0,2751.5,672.5,726.0,563.7,593.3,768.4,889.6,1067.2,1351.7,1488.3,1629.6,1840.0,2024.8,2273.5,2445.2,1965.1,1761.8,2215.1,2133.8,2185.2,2094.9,2227.3,1921.3,2057.3,1567.8,1158.4,865.3,2020-03-17 13:36:19
2020-03-17 13:50:00,2020,3,17,13,50,0,1012.0,298.0,30.5,-99.9,26,10.0,500.0,2997.7,872.8,522.7,546.0,692.8,843.5,1037.4,1208.5,1316.6,1474.5,1649.8,2025.7,2221.1,2385.7,2374.6,2655.5,2698.3,2765.3,2407.5,2502.0,2023.1,2281.9,1776.6,2121.9,1581.5,1187.6,937.8,2020-03-17 13:50:00
2020-03-17 14:03:41,2020,3,17,14,3,41,1011.9,298.1,30.5,-99.9,26,10.0,500.0,3082.8,806.6,731.7,634.6,652.4,818.0,1023.9,1187.5,1327.1,1571.9,1783.8,2034.7,2224.1,2329.8,2467.0,2695.9,2940.1,2856.3,2469.1,2328.7,2250.3,2369.2,2011.6,2088.0,1640.0,1171.4,948.6,2020-03-17 14:03:41
2020-03-17 14:17:22,2020,3,17,14,17,22,1011.7,298.3,30.4,-99.9,26,10.0,500.0,2593.3,642.7,709.0,901.1,1204.3,685.7,736.8,855.5,1030.3,1225.4,1405.6,1599.9,1651.3,2001.3,1904.4,2270.2,2227.1,2313.1,2027.7,2073.5,1812.7,2037.0,1670.2,1818.4,1392.6,1052.3,912.0,2020-03-17 14:17:22
2020-03-17 14:31:03,2020,3,17,14,31,3,1011.8,298.3,30.4,-99.9,26,10.0,500.0,2807.6,574.4,549.0,587.7,742.5,725.1,925.7,1057.1,1287.0,1454.6,1611.6,1813.8,1959.2,2172.1,2381.1,2449.5,2562.3,2529.7,2193.5,2103.5,1886.8,2161.9,1892.0,2042.3,1572.9,1226.9,850.8,2020-03-17 14:31:03
2020-03-17 14:44:44,2020,3,17,14,44,44,1011.9,298.3,30.5,-99.9,26,10.0,500.0,2938.6,907.4,693.5,672.7,510.6,370.2,783.1,1088.4,1269.7,1457.0,1724.4,1834.1,2060.6,2361.8,2520.5,2488.1,2687.2,2657.5,2370.4,2426.4,2107.2,2805.4,1844.3,2088.2,1550.7,1134.0,827.9,2020-03-17 14:44:44
2020-03-17 14:58:25,2020,3,17,14,58,25,1011.7,298.3,30.5,-99.9,26,10.0,500.0,1413.9,22.9,0.0,6.4,0.0,0.0,2.7,1.1,2.9,0.0,0.0,0.0,406.7,1094.8,1049.0,1054.8,1266.9,1476.5,1623.1,1937.0,1903.8,2037.9,1838.5,1875.0,1401.4,1025.1,778.9,2020-03-17 14:58:25
2020-03-17 15:12:06,2020,3,17,15,12,6,1011.7,298.4,30.4,-99.9,26,10.0,500.0,3622.9,1607.3,1194.4,1208.2,1117.7,1300.7,1540.8,1822.2,2106.4,2225.9,2367.9,2441.9,2546.0,2697.1,3062.8,3184.7,3445.7,3158.1,2746.2,2556.7,2303.6,2204.5,1729.3,1767.4,1327.4,926.3,721.0,2020-03-17 15:12:06
2020-03-17 15:25:47,2020,3,17,15,25,47,1011.8,298.4,30.4,-99.9,26,10.0,500.0,2271.4,1345.9,1033.3,926.9,876.4,976.5,1172.7,1407.0,1560.6,1541.1,1532.8,1540.1,1573.0,1659.8,1726.2,1588.5,1481.0,1419.2,1188.4,1176.0,1118.2,1298.6,1114.7,1371.9,1086.0,837.5,871.3,2020-03-17 15:25:47
2020-03-17 15:39:28,2020,3,17,15,39,28,1011.8,298.5,30.4,-99.9,26,10.0,500.0,1489.2,670.9,468.7,490.0,485.5,554.9,665.4,733.0,780.3,811.5,894.2,887.6,883.6,927.0,1003.5,1047.7,1064.7,1039.6,912.6,898.8,773.9,1083.8,986.9,1320.8,1047.0,777.6,703.5,2020-03-17 15:39:28
2020-03-17 15:53:09,2020,3,17,15,53,9,1012.0,298.5,30.4,-99.9,26,10.0,500.0,1589.2,403.3,513.3,447.2,473.8,536.5,619.5,743.7,768.8,936.3,882.7,902.9,883.9,979.6,1094.2,1199.7,1195.2,1023.2,718.8,795.6,772.5,1234.6,1184.2,1574.2,1280.8,1055.9,1164.1,2020-03-17 15:53:09
2020-03-17 16:06:50,2020,3,17,16,6,50,1012.2,298.5,30.4,-99.9,26,10.0,500.0,1859.2,505.7,345.1,343.2,470.2,847.1,1522.6,684.5,948.0,1155.1,959.6,1231.7,1378.5,1435.8,1691.9,2011.5,2131.1,1151.0,671.5,633.5,723.1,1420.0,1363.1,1413.4,982.0,750.1,587.8,2020-03-17 16:06:50
2020-03-17 16:20:31,2020,3,17,16,20,31,1012.1,298.4,30.5,-99.9,26,10.0,500.0,1298.8,337.5,389.4,348.6,371.8,448.5,464.1,570.7,684.0,702.4,721.7,744.9,1011.3,1149.0,1255.1,1195.5,1035.6,904.2,686.7,757.2,751.0,881.0,785.4,1000.4,807.4,626.6,481.5,2020-03-17 16:20:31
2020-03-17 16:34:12,2020,3,17,16,34,12,1012.0,298.3,30.6,-99.9,26,10.0,500.0,1251.9,270.6,296.8,273.6,353.5,401.2,469.4,492.0,593.7,629.4,711.0,785.6,822.2,786.1,913.8,1009.8,1089.3,991.3,842.7,783.8,812.5,1060.7,988.5,1102.0,788.3,655.9,496.8,2020-03-17 16:34:12
2020-03-17 16:47:53,2020,3,17,16,47,53,1012.0,298.1,30.6,-99.9,26,10.0,500.0,1439.7,484.7,252.8,283.1,355.4,379.3,462.3,554.9,610.9,654.5,801.6,890.4,970.7,981.1,942.8,1151.9,1172.8,1308.0,1166.2,1180.7,1132.9,1219.1,1062.3,1080.0,882.5,668.5,535.7,2020-03-17 16:47:53
2020-03-17 17:01:34,2020,3,17,17,1,34,1012.0,298.1,30.5,-99.9,26,10.0,500.0,1467.5,504.1,480.5,387.6,427.2,462.7,624.2,609.2,687.2,796.2,846.7,917.4,919.1,1059.1,1161.0,1236.4,1194.1,1166.3,1157.4,1045.5,970.2,1056.6,958.2,1017.6,824.0,616.0,469.2,2020-03-17 17:01:34
2020-03-17 17:15:15,2020,3,17,17,15,15,1012.0,298.1,30.5,-99.9,26,10.0,500.0,1336.5,414.5,322.2,328.4,359.6,373.4,454.4,567.5,638.1,573.2,693.1,796.1,845.0,905.6,1061.0,1143.1,1062.7,1032.6,938.6,1033.7,1031.0,1076.7,941.4,1049.1,842.0,695.7,487.6,2020-03-17 17:15:15
2020-03-17 17:28:56,2020,3,17,17,28,56,1012.0,298.1,30.4,-99.9,26,10.0,500.0,1469.6,392.5,399.0,353.5,342.2,467.8,623.4,598.6,740.6,747.3,838.3,941.0,964.8,1041.0,1161.5,1219.4,1244.5,1302.4,999.7,1117.5,992.3,1167.0,923.0,1054.7,848.8,655.0,489.5,2020-03-17 17:28:56
2020-03-17 17:42:37,2020,3,17,17,42,37,1012.1,298.3,30.3,-99.9,26,10.0,500.0,1622.7,436.9,338.6,444.1,410.0,504.1,571.2,714.5,754.5,861.2,914.9,999.0,1120.8,1132.0,1245.2,1369.3,1521.3,1401.4,1227.7,1241.7,1123.6,1209.8,1027.0,1211.9,909.8,670.0,517.2,2020-03-17 17:42:37
2020-03-17 17:56:18,2020,3,17,17,56,18,1012.2,298.3,30.3,-99.9,26,10.0,500.0,1625.4,436.9,464.1,403.3,480.4,495.8,599.3,682.5,808.3,916.6,916.3,1001.2,1153.6,1186.4,1292.0,1320.8,1440.8,1356.3,1112.4,1085.0,1003.4,1250.8,1040.6,1263.5,964.9,716.3,526.4,2020-03-17 17:56:18
2020-03-17 18:09:59,2020,3,17,18,9,59,1012.3,298.3,30.3,-99.9,26,10.0,500.0,1565.0,419.4,414.5,493.5,515.6,514.5,686.6,758.6,833.2,929.5,1000.9,1113.4,1171.0,1310.2,1308.2,1419.4,1228.6,1184.1,961.0,1029.5,804.6,1052.4,967.7,1084.9,803.2,601.5,423.2,2020-03-17 18:09:59
2020-03-17 18:23:40,2020,3,17,18,23,40,1012.4,298.3,30.3,-99.9,26,10.0,500.0,1583.5,408.3,430.6,302.1,377.7,442.0,530.5,565.4,744.8,788.4,916.3,899.4,957.9,1083.8,1264.9,1282.2,1506.7,1532.4,1348.2,1279.2,1142.4,1193.4,1038.0,1181.1,922.3,673.4,489.2,2020-03-17 18:23:40
2020-03-17 18:37:21,2020,3,17,18,37,21,1012.5,298.3,30.3,-99.9,26,10.0,500.0,1779.0,525.3,452.2,386.9,438.8,572.9,576.8,749.2,742.3,847.0,948.6,1093.1,1162.2,1237.5,1319.2,1374.0,1342.1,1409.5,1441.5,1428.0,1303.1,1450.3,1177.2,1348.9,1045.4,745.1,1059.8,2020-03-17 18:37:21
2020-03-17 18:51:02,2020,3,17,18,51,2,1012.5,298.3,30.4,-99.9,26,10.0,500.0,2012.3,574.4,501.1,543.5,486.3,660.7,722.9,813.4,963.6,1031.5,1166.7,1357.9,1345.2,1475.2,1424.9,1614.3,1754.8,1748.5,1468.5,1458.8,1189.7,1437.0,993.8,1354.0,1061.6,815.3,1646.9,2020-03-17 18:51:02
2020-03-17 19:04:43,2020,3,17,19,4,43,1012.6,298.3,30.4,-99.9,26,10.0,500.0,1898.4,570.6,567.2,471.5,515.2,655.1,735.4,826.4,940.2,1003.6,1068.6,1258.2,1342.9,1542.5,1591.5,1519.1,1495.4,1526.4,1322.4,1318.2,1263.4,1449.7,1115.0,1387.3,1076.2,779.8,593.0,2020-03-17 19:04:43
2020-03-17 19:18:24,2020,3,17,19,18,24,1012.7,298.0,30.4,-99.9,26,10.0,500.0,1872.6,515.2,458.6,399.9,526.6,581.5,701.1,780.8,840.0,893.2,1042.9,1165.0,1303.5,1330.2,1524.3,1650.2,1719.0,1663.8,1455.1,1445.3,1194.5,1440.9,1147.8,1307.1,1019.5,759.1,689.4,2020-03-17 19:18:24
2020-03-17 19:32:05,2020,3,17,19,32,5,1012.9,297.8,30.5,-99.9,26,10.0,500.0,1994.4,483.0,558.6,438.9,560.2,634.8,711.1,828.3,949.4,1086.9,1237.5,1253.4,1344.3,1424.3,1614.8,1626.3,1660.2,1800.2,1554.4,1584.1,1354.5,1438.8,1260.1,1469.2,1045.7,840.9,587.0,2020-03-17 19:32:05
2020-03-17 19:45:46,2020,3,17,19,45,46,1012.9,297.6,30.5,-99.9,26,10.0,500.0,2093.1,574.0,587.1,502.7,619.0,667.2,775.4,849.8,949.0,1054.1,1143.4,1396.1,1535.0,1465.7,1629.2,1748.1,1842.3,1779.0,1539.9,1616.1,1332.8,1545.9,1333.3,1524.6,1149.0,916.5,724.2,2020-03-17 19:45:46
2020-03-17 19:59:27,2020,3,17,19,59,27,1012.9,297.5,30.6,-99.9,26,10.0,500.0,2254.1,674.6,465.9,527.3,547.1,618.8,812.6,965.0,1158.7,1322.1,1495.0,1527.9,1694.4,1762.8,1878.5,1945.9,1994.5,1889.0,1749.0,1645.4,1483.4,1519.2,1305.6,1493.3,1137.6,856.4,699.4,2020-03-17 19:59:27
2020-03-17 20:13:08,2020,3,17,20,13,8,1012.9,297.5,30.5,-99.9,26,10.0,500.0,2237.3,820.8,537.2,571.2,611.3,725.9,884.5,925.6,1076.1,1258.4,1284.5,1478.9,1584.0,1632.0,1768.7,1810.4,2084.8,1982.1,1649.7,1677.6,1478.3,1572.9,1337.3,1465.4,1127.5,841.1,735.0,2020-03-17 20:13:08
2020-03-17 20:26:49,2020,3,17,20,26,49,1013.0,297.4,30.4,-99.9,26,10.0,500.0,2295.9,738.1,637.9,583.9,601.8,698.9,818.7,940.2,1115.8,1226.9,1338.9,1479.0,1579.0,1798.7,1860.9,1923.7,2118.9,2027.6,1718.5,1693.9,1641.8,1680.8,1391.7,1453.4,1164.6,858.8,690.6,2020-03-17 20:26:49
2020-03-17 20:40:30,2020,3,17,20,40,30,1013.2,297.4,30.5,-99.9,26,10.0,500.0,2177.1,662.5,614.0,499.8,519.1,752.5,823.8,952.4,1085.1,1153.3,1311.4,1420.0,1577.3,1640.3,1768.4,1723.7,1938.1,1806.2,1703.6,1668.3,1446.8,1502.7,1313.7,1480.5,1181.1,842.2,649.2,2020-03-17 20:40:30
2020-03-17 20:54:11,2020,3,17,20,54,11,1013.2,297.3,30.5,-99.9,26,10.0,500.0,2261.4,626.9,600.3,581.4,544.9,695.0,804.6,916.3,1104.1,1284.2,1388.1,1491.8,1629.2,1687.6,1687.2,1958.0,1948.8,1973.4,1799.6,1848.2,1512.2,1651.8,1399.3,1505.0,1132.5,866.1,638.7,2020-03-17 20:54:11
2020-03-17 21:07:52,2020,3,17,21,7,52,1013.3,297.3,30.5,-99.9,26,10.0,500.0,2104.4,560.3,611.9,569.5,586.2,684.4,756.6,920.3,1064.1,1153.7,1252.4,1422.2,1532.9,1600.8,1686.0,1901.2,1871.7,1776.2,1477.7,1481.2,1296.0,1441.0,1211.4,1412.4,1107.1,884.8,703.4,2020-03-17 21:07:52
2020-03-17 21:21:33,2020,3,17,21,21,33,1013.3,297.1,30.5,-99.9,26,10.0,500.0,2079.8,717.1,562.7,503.6,526.7,671.2,772.2,804.9,912.4,1074.7,1202.2,1284.2,1477.9,1533.8,1657.3,1803.4,1753.4,1776.6,1465.9,1520.8,1437.0,1576.5,1349.5,1536.9,1161.2,856.4,665.1,2020-03-17 21:21:33
2020-03-17 21:35:14,2020,3,17,21,35,14,1013.3,297.1,30.4,-99.9,26,10.0,500.0,1791.8,714.9,506.4,483.5,572.7,661.9,613.5,722.8,830.5,907.6,1006.5,1156.2,1223.2,1357.8,1468.5,1477.4,1458.2,1388.8,1285.0,1328.3,1154.2,1323.8,1116.8,1294.1,971.2,770.3,572.0,2020-03-17 21:35:14
2020-03-17 21:48:55,2020,3,17,21,48,55,1013.3,297.0,30.5,-99.9,26,10.0,500.0,1760.5,574.0,543.9,404.2,478.4,533.0,617.7,670.5,857.0,889.7,972.4,1151.0,1278.0,1277.6,1407.3,1358.4,1536.2,1517.9,1297.3,1446.4,1124.1,1241.6,1089.4,1291.7,999.7,753.7,593.9,2020-03-17 21:48:55
2020-03-17 22:02:36,2020,3,17,22,2,36,1013.4,297.0,30.5,-99.9,26,10.0,500.0,1823.3,626.8,496.6,453.2,511.9,568.6,629.6,747.8,804.0,915.0,1058.2,1093.2,1257.9,1247.6,1457.5,1465.6,1532.8,1560.7,1262.5,1354.6,1272.5,1432.9,1184.1,1357.5,1074.7,791.9,671.7,2020-03-17 22:02:36
2020-03-17 22:16:17,2020,3,17,22,16,17,1013.4,296.9,30.4,-99.9,26,10.0,500.0,1752.1,560.2,639.1,415.9,450.4,523.8,698.0,687.6,821.3,870.0,962.1,1064.9,1220.2,1248.4,1399.4,1377.1,1542.4,1471.3,1282.6,1253.5,1162.4,1310.0,1111.2,1301.2,1023.6,784.8,600.9,2020-03-17 22:16:17
2020-03-17 22:29:58,2020,3,17,22,29,58,1013.4,296.8,30.5,-99.9,26,10.0,500.0,1737.8,593.2,425.6,384.2,469.1,542.0,637.8,761.1,883.8,925.1,1041.8,1089.3,1173.9,1236.1,1338.9,1397.1,1466.7,1383.4,1370.8,1266.7,1143.6,1316.9,1130.8,1258.1,971.3,791.3,572.6,2020-03-17 22:29:58
2020-03-17 22:43:39,2020,3,17,22,43,39,1013.3,296.8,30.5,-99.9,26,10.0,500.0,1797.4,582.6,431.5,412.9,489.0,502.0,590.0,762.5,836.9,928.6,1000.3,1082.8,1286.3,1395.3,1386.2,1556.8,1536.1,1416.5,1357.4,1432.6,1268.5,1347.6,1140.5,1334.5,1014.7,786.4,569.5,2020-03-17 22:43:39
2020-03-17 22:57:20,2020,3,17,22,57,20,1013.2,296.6,30.5,-99.9,26,10.0,500.0,1855.8,549.6,410.1,416.4,455.0,584.0,659.0,791.9,846.5,981.2,1110.4,1245.8,1353.3,1335.1,1365.0,1607.5,1678.4,1615.9,1371.0,1369.4,1194.9,1442.6,1180.5,1394.3,1050.5,748.4,551.6,2020-03-17 22:57:20
2020-03-17 23:11:01,2020,3,17,23,11,1,1013.2,296.5,30.5,-99.9,26,10.0,500.0,1843.8,527.1,432.0,422.8,487.4,576.4,602.2,736.2,813.0,991.9,1034.6,1178.3,1276.2,1447.8,1459.3,1458.0,1588.7,1599.3,1500.7,1436.2,1301.4,1363.3,1197.8,1287.8,1045.4,770.6,597.2,2020-03-17 23:11:01
2020-03-17 23:24:42,2020,3,17,23,24,42,1013.2,296.5,30.5,-99.9,26,10.0,500.0,1956.6,616.8,448.4,526.2,471.7,630.8,700.7,846.1,896.1,1010.3,1086.9,1252.5,1405.9,1410.3,1586.3,1588.7,1672.4,1550.3,1527.6,1488.7,1310.2,1493.5,1293.9,1412.1,1076.5,847.3,640.1,2020-03-17 23:24:42
2020-03-17 23:38:23,2020,3,17,23,38,23,1013.1,296.4,30.5,-99.9,26,10.0,500.0,1994.0,537.8,535.3,437.8,503.3,584.5,728.0,811.1,930.1,1087.8,1204.4,1286.3,1364.9,1503.5,1572.0,1728.6,1673.6,1736.2,1597.0,1530.8,1336.4,1368.6,1210.7,1428.5,1127.4,866.4,651.4,2020-03-17 23:38:23
2020-03-17 23:52:04,2020,3,17,23,52,4,1013.1,296.4,30.5,-99.9,26,10.0,500.0,2010.0,584.4,581.0,446.8,569.5,615.9,707.4,892.2,933.5,1078.2,1167.0,1333.7,1370.8,1503.0,1608.2,1763.1,1685.9,1679.3,1460.2,1467.9,1331.7,1494.1,1250.2,1440.0,1081.4,854.4,677.1,2020-03-17 23:52:04
2020-03-18 00:05:45,2020,3,18,0,5,45,1013.1,296.3,30.5,-99.9,26,10.0,500.0,2056.6,559.0,501.5,440.1,585.4,737.6,670.6,856.5,955.9,1088.7,1229.0,1271.8,1427.3,1530.1,1686.5,1762.8,1805.2,1732.2,1545.4,1485.7,1413.8,1528.0,1301.8,1493.4,1153.8,841.9,658.2,2020-03-18 00:05:45
2020-03-18 00:19:26,2020,3,18,0,19,26,1013.0,296.3,30.5,-99.9,26,10.0,500.0,2046.8,604.3,540.2,443.5,566.6,562.0,734.8,863.3,979.1,1071.8,1151.8,1302.7,1523.5,1587.1,1696.4,1870.3,1770.0,1660.3,1376.3,1475.2,1320.9,1532.9,1277.4,1547.9,1144.9,868.8,646.5,2020-03-18 00:19:26
2020-03-18 00:33:07,2020,3,18,0,33,7,1013.0,296.3,30.5,-99.9,26,10.0,500.0,2139.6,793.8,561.4,486.8,516.8,621.8,761.5,876.6,949.6,1136.2,1237.7,1379.8,1476.2,1583.9,1699.8,1872.3,1838.6,1804.1,1705.6,1557.1,1439.2,1591.8,1358.9,1531.6,1130.7,889.6,682.1,2020-03-18 00:33:07
2020-03-18 00:46:48,2020,3,18,0,46,48,1013.0,296.1,30.5,-99.9,26,10.0,500.0,2063.0,503.6,480.1,559.3,513.0,616.0,796.8,860.0,949.1,1131.5,1152.8,1334.7,1433.9,1552.9,1687.2,1828.6,1730.1,1754.5,1584.0,1549.1,1280.3,1530.3,1225.6,1491.1,1164.1,859.6,788.6,2020-03-18 00:46:48
2020-03-18 01:00:29,2020,3,18,1,0,29,1012.9,296.1,30.5,-99.9,26,10.0,500.0,2053.2,503.1,534.2,515.1,500.0,638.2,735.2,838.3,982.6,1084.1,1192.9,1256.3,1487.0,1558.9,1713.9,1873.6,1809.1,1815.4,1539.4,1506.5,1289.8,1494.5,1292.3,1486.7,1113.4,851.8,600.2,2020-03-18 01:00:29
2020-03-18 01:14:10,2020,3,18,1,14,10,1012.8,296.0,30.5,-99.9,26,10.0,500.0,2012.0,749.0,534.2,465.1,549.0,624.8,692.7,867.6,1001.6,1081.8,1233.3,1334.7,1439.9,1671.1,1521.1,1464.7,1489.0,1671.2,1500.2,1587.7,1450.8,1515.9,1226.1,1344.0,1115.0,851.3,624.6,2020-03-18 01:14:10
2020-03-18 01:27:51,2020,3,18,1,27,51,1012.7,295.9,30.5,-99.9,26,10.0,500.0,1999.9,593.2,611.1,537.5,532.5,664.9,751.7,827.8,1004.3,1070.7,1156.5,1263.7,1320.2,1439.9,1495.4,1709.9,1681.8,1766.4,1519.9,1517.1,1296.3,1463.8,1249.5,1414.6,1100.2,808.6,631.2,2020-03-18 01:27:51
2020-03-18 01:41:32,2020,3,18,1,41,32,1012.7,295.9,30.5,-99.9,26,10.0,500.0,2127.8,570.2,665.0,493.2,604.1,590.3,735.3,938.5,986.0,1066.5,1243.2,1386.7,1474.2,1679.7,1753.4,1803.0,1824.8,1752.9,1694.8,1598.9,1426.8,1562.0,1344.6,1456.3,1156.8,842.1,661.3,2020-03-18 01:41:32
2020-03-18 01:55:13,2020,3,18,1,55,13,1012.7,295.8,30.4,-99.9,26,10.0,500.0,1881.9,761.6,597.7,539.7,618.3,624.0,885.9,771.1,880.4,1004.2,1055.9,1161.8,1266.2,1350.9,1470.5,1544.7,1665.7,1532.4,1416.6,1212.6,1092.4,1259.6,1208.0,1330.3,1051.8,783.6,605.7,2020-03-18 01:55:13
2020-03-18 02:08:54,2020,3,18,2,8,54,1012.6,295.8,30.4,-99.9,26,10.0,500.0,1812.2,558.4,490.0,455.2,495.5,576.8,698.0,763.3,840.3,888.5,1044.4,1127.8,1208.0,1313.7,1399.8,1488.8,1600.9,1468.9,1319.4,1371.7,1250.0,1360.7,1197.8,1355.4,1040.1,772.2,580.2,2020-03-18 02:08:54
2020-03-18 02:22:35,2020,3,18,2,22,35,1012.5,295.8,30.5,-99.9,26,10.0,500.0,2246.3,639.3,541.3,529.3,527.2,606.2,732.5,837.1,920.0,1124.5,1340.9,1452.1,1619.4,1594.1,1893.1,2005.5,2094.0,2095.4,1922.0,1901.5,1428.7,1544.1,1338.5,1542.9,1246.9,926.5,651.3,2020-03-18 02:22:35
2020-03-18 03:31:24,2020,3,18,3,31,24,1012.1,294.8,31.7,-99.9,26,10.0,500.0,1.2427,0.0,0.0,0.0,2.3,0.0,1.4,0.0,0.0,0.0,0.0,0.6,1.0,0.6,1.3,1.6,2.4,3.1,2.5,0.6,0.0,0.4,0.4,0.0,0.0,0.0,0.0,2020-03-18 03:31:24
2020-03-18 03:45:05,2020,3,18,3,45,5,1012.2,295.0,30.8,-99.9,26,10.0,500.0,73.432,0.0,0.0,0.0,0.0,0.0,0.0,0.0,0.0,0.0,0.0,1.0,1.8,1.5,3.1,3.7,3.2,1.8,0.0,0.0,0.0,0.4,0.0,0.0,0.0,0.5,1063.6,2020-03-18 03:45:05
2020-03-18 03:58:46,2020,3,18,3,58,46,1012.4,295.3,30.4,-99.9,26,10.0,500.0,1701.4,0.0,3837.7,1387.2,1203.0,217.8,31.0,3.4,0.0,0.0,0.0,4301.2,4008.2,1845.9,215.4,0.0,0.0,0.0,0.0,0.0,1019.7,1394.6,1242.6,1542.9,1186.1,894.0,704.3,2020-03-18 03:58:46
2020-03-18 04:12:27,2020,3,18,4,12,27,1012.6,295.4,30.2,-99.9,26,10.0,500.0,1511.6,536.8,475.7,450.3,456.0,544.2,623.1,662.9,696.2,819.0,914.5,922.5,1064.1,1114.2,1248.4,1230.9,1253.8,1255.8,1406.9,1458.2,1211.7,727.8,679.5,882.9,714.9,516.0,377.1,2020-03-18 04:12:27
2020-03-18 04:26:08,2020,3,18,4,26,8,1012.0,295.4,30.2,-99.9,26,10.0,500.0,1366.2,210.3,113.8,126.8,144.8,179.9,244.1,269.3,308.6,347.6,380.7,412.0,939.7,1232.0,1174.9,247.3,469.3,0.0,5906.1,1395.0,950.6,1114.6,964.2,1046.1,804.8,637.5,482.8,2020-03-18 04:26:08
2020-03-18 04:39:49,2020,3,18,4,39,49,1011.8,295.4,30.1,-99.9,26,10.0,500.0,1398.1,223.2,320.3,314.0,319.8,396.6,525.2,641.9,689.3,802.1,907.5,892.5,940.0,1012.1,1122.8,1101.8,1136.5,1112.2,1006.6,1107.3,994.8,1147.6,977.9,1042.0,771.6,588.4,478.7,2020-03-18 04:39:49
2020-03-18 04:53:30,2020,3,18,4,53,30,1011.8,295.5,30.1,-99.9,26,10.0,500.0,1339.0,363.8,257.1,326.9,239.8,373.6,455.8,539.7,568.8,601.0,810.0,856.4,1029.2,1025.0,1079.0,1123.1,1228.4,1277.0,967.1,945.9,877.3,1006.9,897.9,1018.1,783.5,604.6,448.0,2020-03-18 04:53:30
2020-03-18 05:07:11,2020,3,18,5,7,11,1011.6,295.5,30.0,-99.9,26,10.0,500.0,1226.1,269.6,251.1,310.1,308.7,394.0,466.2,497.8,532.4,663.6,634.4,720.9,859.1,895.9,1012.7,922.9,926.6,998.9,1025.2,937.6,849.5,938.5,873.6,998.8,753.0,563.7,436.6,2020-03-18 05:07:11
2020-03-18 05:20:52,2020,3,18,5,20,52,1011.6,295.6,30.0,-99.9,26,10.0,500.0,978.71,246.2,228.3,294.0,256.2,259.4,320.1,359.4,407.1,467.3,540.3,533.3,611.4,616.8,710.7,798.1,857.4,855.9,799.8,793.3,626.1,763.9,694.2,784.9,656.7,524.8,395.9,2020-03-18 05:20:52
2020-03-18 05:34:33,2020,3,18,5,34,33,1011.5,295.8,30.0,-99.9,26,10.0,500.0,1087.9,269.4,159.7,244.7,282.3,360.1,322.2,456.0,489.6,564.5,659.0,732.7,781.6,831.8,857.5,867.7,915.8,899.9,861.7,797.5,748.2,859.9,768.4,837.2,622.9,458.8,359.7,2020-03-18 05:34:33
2020-03-18 05:48:14,2020,3,18,5,48,14,1011.4,295.8,30.0,-99.9,26,10.0,500.0,907.5,316.3,154.0,208.7,191.4,250.7,317.2,368.1,386.2,473.5,542.7,570.6,676.6,671.9,729.2,723.1,766.2,702.6,679.6,665.2,690.4,794.0,694.1,611.2,509.2,389.7,271.2,2020-03-18 05:48:14
2020-03-18 06:01:55,2020,3,18,6,1,55,1011.4,296.0,30.0,-99.9,26,10.0,500.0,655.82,210.8,222.4,150.1,165.4,251.9,206.5,250.5,293.0,319.8,325.8,369.4,398.9,447.0,437.1,562.9,522.9,573.0,519.5,472.6,459.3,519.3,487.5,501.0,412.1,321.9,249.7,2020-03-18 06:01:55
2020-03-18 06:15:36,2020,3,18,6,15,36,1011.3,296.1,30.0,-99.9,26,10.0,500.0,604.43,152.3,114.1,127.2,158.7,192.5,194.4,264.1,262.0,321.5,342.6,330.5,389.8,462.7,492.0,519.4,499.5,502.7,403.7,418.3,419.6,490.6,445.2,489.6,384.2,286.7,230.1,2020-03-18 06:15:36
2020-03-18 06:29:17,2020,3,18,6,29,17,1011.4,296.1,30.0,-99.9,26,10.0,500.0,575.2,257.7,79.8,117.4,152.3,169.2,181.2,192.0,248.3,268.6,281.1,310.0,338.0,425.1,484.2,461.9,449.5,406.8,403.2,461.0,410.8,493.7,320.9,461.2,357.2,301.1,431.5,2020-03-18 06:29:17
2020-03-18 06:42:58,2020,3,18,6,42,58,1011.5,296.3,30.0,-99.9,26,10.0,500.0,580.06,164.0,193.9,114.1,156.7,162.5,189.6,195.4,236.4,267.6,287.2,308.3,371.7,388.6,442.7,466.0,481.3,485.8,453.3,355.5,251.5,250.4,205.8,472.7,681.6,556.6,396.2,2020-03-18 06:42:58
2020-03-18 06:56:39,2020,3,18,6,56,39,1011.6,296.3,30.0,-99.9,26,10.0,500.0,1136.7,280.5,227.6,267.0,326.0,313.7,361.0,456.8,455.9,500.7,612.8,667.2,715.9,853.9,871.0,976.7,953.8,959.4,944.2,928.3,797.7,957.3,814.2,928.6,679.8,508.6,367.6,2020-03-18 06:56:39
2020-03-18 07:10:20,2020,3,18,7,10,20,1011.7,296.5,30.0,-99.9,26,10.0,500.0,1118.0,303.9,267.5,309.4,328.4,332.4,344.5,407.8,522.8,569.4,657.7,695.7,740.0,776.9,870.2,956.6,990.7,970.7,900.3,879.5,836.8,840.9,722.1,772.0,612.0,490.6,352.4,2020-03-18 07:10:20
2020-03-18 07:24:01,2020,3,18,7,24,1,1011.8,296.6,30.0,-99.9,26,10.0,500.0,566.62,374.1,290.2,231.2,309.0,262.7,294.0,291.1,360.1,414.9,391.9,515.1,445.5,345.7,333.6,385.8,421.4,378.3,275.3,277.2,224.3,311.3,274.8,343.9,244.2,203.1,139.0,2020-03-18 07:24:01
2020-03-18 07:37:42,2020,3,18,7,37,42,1011.8,296.6,30.1,-99.9,26,10.0,500.0,414.28,35.2,114.2,84.9,72.8,105.7,106.2,120.8,153.4,140.3,186.4,187.5,217.2,215.7,254.3,360.6,285.3,336.0,296.5,267.8,220.4,262.0,109.5,350.1,296.5,191.5,1125.4,2020-03-18 07:37:42
2020-03-18 07:51:23,2020,3,18,7,51,23,1011.9,296.6,30.2,-99.9,26,10.0,500.0,668.93,70.4,85.6,101.1,141.2,179.6,207.0,207.5,239.8,198.8,269.0,279.4,304.6,423.7,488.2,410.9,73.2,0.0,0.0,714.2,1033.0,1028.3,801.6,878.7,717.1,516.6,473.8,2020-03-18 07:51:23
2020-03-18 08:05:04,2020,3,18,8,5,4,1011.8,296.6,30.2,-99.9,26,10.0,500.0,1207.6,316.3,239.5,241.3,315.2,378.4,427.0,499.3,523.9,537.4,655.5,747.0,898.0,891.1,921.0,1004.9,1056.5,1197.4,1190.4,1098.2,704.5,689.7,594.7,772.5,774.3,596.1,499.2,2020-03-18 08:05:04
2020-03-18 08:18:45,2020,3,18,8,18,45,1011.8,296.6,30.2,-99.9,26,10.0,500.0,1547.2,540.0,325.8,369.4,417.8,419.0,538.6,590.5,640.7,853.8,925.5,997.7,1071.7,1106.1,1188.8,1241.4,1373.6,1396.5,1196.2,1222.6,1037.0,1154.1,924.9,1130.1,835.5,663.2,605.8,2020-03-18 08:18:45
2020-03-18 08:32:26,2020,3,18,8,32,26,1011.8,296.6,30.2,-99.9,26,10.0,500.0,1204.1,293.2,239.8,274.4,249.2,321.6,339.5,428.9,483.7,532.2,533.1,643.8,696.5,771.9,798.4,1036.1,1204.1,1221.3,1068.2,950.9,884.5,1061.1,886.8,997.2,771.2,591.8,439.3,2020-03-18 08:32:26
2020-03-18 08:46:07,2020,3,18,8,46,7,1011.9,296.6,30.2,-99.9,26,10.0,500.0,1407.9,363.1,319.3,362.2,290.3,416.9,491.2,553.9,583.2,692.0,761.9,875.0,942.9,1016.7,1166.0,1259.1,1230.7,1155.6,1111.4,1029.7,988.3,1116.6,1040.1,1080.2,843.7,553.6,472.8,2020-03-18 08:46:07
2020-03-18 08:59:48,2020,3,18,8,59,48,1011.8,296.8,30.1,-99.9,26,10.0,500.0,1479.9,438.9,388.2,296.3,280.4,381.2,414.4,549.5,641.6,614.0,695.6,843.9,1045.3,1120.6,1170.8,1325.7,1356.1,1333.2,1174.6,1240.2,1173.2,1221.9,1045.8,1131.0,858.3,665.7,370.7,2020-03-18 08:59:48
2020-03-18 09:13:29,2020,3,18,9,13,29,1012.0,296.9,30.1,-99.9,26,10.0,500.0,1679.3,257.7,290.8,342.5,339.4,456.1,505.6,505.5,624.5,728.7,883.0,958.4,1003.6,1146.4,1204.6,1367.1,1586.9,1670.5,1417.7,1313.0,1170.7,1441.2,1237.3,1385.7,1165.0,841.0,867.9,2020-03-18 09:13:29
2020-03-18 09:27:10,2020,3,18,9,27,10,1011.9,296.8,30.3,-99.9,26,10.0,500.0,2139.8,658.1,600.7,405.4,521.1,623.2,807.0,976.8,1008.5,1120.3,1227.7,1489.3,1783.2,1422.4,634.9,2293.5,2143.0,1985.8,1726.0,1529.2,1405.7,1589.8,1410.2,1486.3,1109.6,858.2,671.3,2020-03-18 09:27:10
2020-03-18 09:40:51,2020,3,18,9,40,51,1012.1,296.8,30.4,-99.9,26,10.0,500.0,1690.9,403.8,382.2,479.4,465.3,567.1,609.2,771.3,1001.3,888.1,976.0,1027.2,1119.4,1309.2,1299.0,1399.4,1409.4,1501.5,1328.0,1290.7,1125.5,1279.2,1064.4,1191.4,870.7,659.2,462.9,2020-03-18 09:40:51
2020-03-18 09:54:32,2020,3,18,9,54,32,1012.0,296.6,30.4,-99.9,26,10.0,500.0,1341.6,503.7,387.8,68.7,4.2,0.0,0.0,70.1,0.0,0.0,1169.1,1070.8,1197.9,1467.8,1562.0,1431.0,1342.2,1255.9,1459.9,1994.6,2154.1,1885.2,590.5,103.6,18.3,3.2,1.4,2020-03-18 09:54:32
2020-03-18 10:08:13,2020,3,18,10,8,13,1012.1,296.5,30.4,-99.9,26,10.0,500.0,1447.9,0.0,117.5,816.6,922.9,1041.7,1240.9,1294.9,1160.6,1157.4,1048.6,958.7,236.5,565.9,876.7,868.9,801.2,678.2,552.1,619.1,760.9,1049.4,1083.5,1232.0,948.8,729.2,543.3,2020-03-18 10:08:13
2020-03-18 10:21:54,2020,3,18,10,21,54,1012.2,296.4,30.3,-99.9,26,10.0,500.0,1876.6,1005.4,662.4,643.8,611.7,675.0,790.6,970.1,996.7,1044.3,1088.6,1257.2,1325.1,1304.6,1425.7,1388.6,1296.0,1448.5,1379.1,1403.9,1137.5,1258.7,1108.2,1196.3,941.5,710.7,544.1,2020-03-18 10:21:54
2020-03-18 10:35:35,2020,3,18,10,35,35,1012.2,296.4,30.2,-99.9,26,10.0,500.0,1357.2,744.4,665.3,491.3,608.1,607.6,670.7,700.4,841.7,832.4,893.2,852.1,874.4,825.5,916.6,908.4,926.3,848.8,718.9,691.8,612.3,867.1,780.1,1046.8,871.0,658.6,517.4,2020-03-18 10:35:35
2020-03-18 10:49:16,2020,3,18,10,49,16,1012.2,296.5,30.1,-99.9,26,10.0,500.0,1154.3,530.7,390.8,318.2,403.2,463.9,530.6,536.2,631.5,698.9,717.0,706.0,711.4,757.1,764.8,805.0,737.1,720.1,623.4,616.8,619.8,862.5,836.4,1002.8,825.1,637.9,538.0,2020-03-18 10:49:16
2020-03-18 11:02:57,2020,3,18,11,2,57,1012.2,296.8,30.0,-99.9,26,10.0,500.0,1155.2,651.5,371.7,370.5,346.7,422.5,468.9,533.0,568.4,610.5,664.9,711.0,764.8,754.0,768.8,828.3,832.9,755.7,654.4,748.7,692.9,905.2,706.6,961.6,773.4,636.6,495.0,2020-03-18 11:02:57
2020-03-18 11:16:53,2020,3,18,11,16,53,1012.0,296.8,29.9,-99.9,26,10.0,500.0,1590.5,369.9,4857.9,1081.7,499.3,427.6,391.0,442.4,464.9,495.4,570.4,628.8,775.4,828.4,878.7,972.8,968.9,1069.6,968.3,1059.1,950.4,1048.8,869.7,976.1,781.0,593.7,433.7,2020-03-18 11:16:53
2020-03-18 11:30:34,2020,3,18,11,30,34,1011.7,297.3,29.7,-99.9,26,10.0,500.0,1512.5,321.4,341.1,284.6,345.7,379.8,536.4,613.9,692.9,699.6,827.5,977.6,1087.7,1082.7,1205.8,1313.0,1395.2,1293.3,1127.6,1085.6,1058.9,1235.2,1123.3,1197.0,874.2,685.8,470.1,2020-03-18 11:30:34
2020-03-18 11:44:15,2020,3,18,11,44,15,1011.5,297.4,29.7,-99.9,26,10.0,500.0,1524.2,367.8,380.7,365.2,392.1,529.4,536.7,566.8,672.9,761.0,850.8,971.6,1035.0,1060.9,1158.7,1377.7,1357.1,1401.4,1128.2,1223.8,1067.0,1207.9,979.1,1082.4,812.2,653.3,489.1,2020-03-18 11:44:15
2020-03-18 11:57:56,2020,3,18,11,57,56,1011.4,297.6,29.7,-99.9,26,10.0,500.0,1548.5,287.0,385.9,332.8,332.5,459.3,537.7,667.0,756.5,784.5,822.9,990.6,1115.2,1160.8,1128.0,1244.3,1370.8,1373.2,1327.5,1197.5,1084.6,1206.2,1014.8,1083.6,899.1,665.6,557.4,2020-03-18 11:57:56
2020-03-18 12:11:37,2020,3,18,12,11,37,1011.2,297.8,29.8,-99.9,26,10.0,500.0,1556.8,390.4,408.3,310.4,370.1,396.7,495.1,566.1,735.9,731.9,814.6,1017.6,1159.2,1154.9,1267.9,1319.0,1298.3,1416.7,1292.4,1214.3,1116.8,1236.4,1078.8,1148.4,868.3,622.1,477.9,2020-03-18 12:11:37
2020-03-18 12:25:18,2020,3,18,12,25,18,1011.1,297.8,29.9,-99.9,26,10.0,500.0,1548.7,424.9,346.8,364.9,387.3,483.3,527.6,629.2,688.6,792.5,842.0,941.1,1003.3,1102.8,1239.9,1364.2,1403.9,1363.0,1291.7,1227.5,1040.3,1125.5,915.8,1056.3,858.9,706.7,660.6,2020-03-18 12:25:18
2020-03-18 12:38:59,2020,3,18,12,38,59,1010.9,297.9,29.9,-99.9,26,10.0,500.0,1646.9,390.1,335.3,393.4,386.9,445.9,534.4,617.5,760.6,789.4,990.4,1010.8,1045.0,1172.7,1320.3,1433.9,1540.0,1441.7,1372.2,1184.3,1108.9,1245.3,1230.4,1332.0,940.5,694.0,518.4,2020-03-18 12:38:59
2020-03-18 12:52:40,2020,3,18,12,52,40,1010.7,298.0,29.9,-99.9,26,10.0,500.0,1703.7,481.9,357.7,348.4,377.6,473.7,605.5,714.0,750.7,877.6,944.3,1034.5,1187.1,1408.3,1394.0,1521.8,1510.8,1543.2,1298.9,1281.2,1159.9,1282.5,1143.1,1221.5,979.2,655.9,516.1,2020-03-18 12:52:40
2020-03-18 13:06:21,2020,3,18,13,6,21,1010.5,298.1,29.9,-99.9,26,10.0,500.0,1671.9,402.0,358.1,368.1,443.7,512.9,589.3,699.4,710.7,843.1,953.4,1041.1,1138.5,1285.2,1445.1,1474.3,1445.1,1428.2,1355.9,1330.5,1184.3,1265.8,1094.0,1185.4,893.6,663.8,490.3,2020-03-18 13:06:21
2020-03-18 13:20:02,2020,3,18,13,20,2,1010.4,298.1,29.9,-99.9,26,10.0,500.0,1603.3,344.3,346.5,326.2,400.1,477.7,507.5,619.6,746.4,801.8,827.3,934.3,1088.2,1161.9,1300.4,1367.2,1441.8,1407.0,1307.8,1311.0,1166.2,1217.6,1056.0,1218.4,924.9,701.3,591.5,2020-03-18 13:20:02
2020-03-18 13:33:43,2020,3,18,13,33,43,1010.4,298.1,29.9,-99.9,26,10.0,500.0,1606.3,412.7,340.6,332.2,417.2,485.6,525.2,583.8,768.1,849.8,933.3,1010.2,1140.2,1200.1,1343.1,1459.3,1419.4,1385.9,1139.8,1255.1,1168.5,1255.3,1085.6,1092.9,878.5,655.3,498.2,2020-03-18 13:33:43
2020-03-18 13:47:24,2020,3,18,13,47,24,1010.8,298.3,29.9,-99.9,26,10.0,500.0,1700.0,441.9,351.7,491.1,423.0,589.5,559.9,712.7,774.0,937.9,1035.2,1139.0,1233.0,1384.5,1356.4,1368.3,1518.1,1642.7,2277.8,1539.1,1725.5,38.7,2087.5,1388.1,0.0,0.0,0.0,2020-03-18 13:47:24
2020-03-18 14:01:05,2020,3,18,14,1,5,1010.5,298.5,30.0,-99.9,26,10.0,500.0,1605.5,206.9,407.9,411.9,279.0,387.2,588.1,609.4,678.8,739.0,905.0,955.3,1100.1,1137.4,1107.6,1281.1,1426.0,1539.0,1253.2,1362.5,1234.2,1302.9,1019.7,1238.2,950.9,710.6,793.0,2020-03-18 14:01:05
2020-03-18 14:14:46,2020,3,18,14,14,46,1010.1,298.3,30.3,-99.9,26,10.0,500.0,1491.3,393.0,423.8,340.9,363.6,367.5,533.9,574.4,638.0,686.2,808.3,928.0,976.7,974.9,1128.8,1313.8,1312.4,1318.2,1166.2,1143.0,963.2,1097.6,970.5,1148.1,952.1,676.9,744.6,2020-03-18 14:14:46
2020-03-18 14:28:27,2020,3,18,14,28,27,1009.8,297.8,30.6,-99.9,26,10.0,500.0,1440.7,329.8,280.9,331.1,352.1,391.4,523.3,540.8,637.2,721.8,788.4,860.3,974.1,1164.5,1210.4,1151.6,1208.2,1238.2,1100.0,1193.8,914.5,1128.0,941.1,1159.2,812.6,629.1,617.0,2020-03-18 14:28:27
2020-03-18 14:42:08,2020,3,18,14,42,8,1009.6,297.3,30.9,-99.9,26,10.0,500.0,1448.9,377.3,315.6,298.5,385.8,434.0,521.4,623.2,651.7,664.0,807.7,885.6,1007.3,989.6,1164.9,1255.4,1261.8,1149.8,1085.2,1192.6,1013.4,1178.3,951.2,1145.8,854.5,629.1,476.8,2020-03-18 14:42:08
2020-03-18 14:55:49,2020,3,18,14,55,49,1009.4,296.9,30.9,-99.9,26,10.0,500.0,1454.7,435.7,361.1,308.1,379.1,403.1,490.1,525.9,692.7,796.1,840.6,922.5,1006.8,1071.7,1154.8,1254.2,1253.8,1260.2,1097.7,1014.9,1008.1,1120.2,928.5,1081.0,840.5,640.1,517.5,2020-03-18 14:55:49
2020-03-18 15:09:30,2020,3,18,15,9,30,1009.2,296.8,30.8,-99.9,26,10.0,500.0,1471.6,530.7,325.9,321.5,316.9,450.9,499.2,570.7,645.2,777.6,775.1,839.3,911.9,1077.9,1212.9,1277.8,1317.8,1242.8,1155.0,1172.2,982.1,1150.5,948.2,1134.0,874.2,636.6,507.6,2020-03-18 15:09:30
2020-03-18 15:23:11,2020,3,18,15,23,11,1009.0,296.8,30.6,-99.9,26,10.0,500.0,1474.6,541.7,381.7,398.5,325.4,436.6,458.8,569.3,717.2,745.7,864.2,863.4,937.9,1037.6,1127.7,1206.2,1322.8,1276.2,1125.1,1069.0,972.5,1127.5,992.6,1148.7,874.6,679.2,497.7,2020-03-18 15:23:11
2020-03-18 15:36:52,2020,3,18,15,36,52,1008.9,296.8,30.5,-99.9,26,10.0,500.0,1438.5,374.5,222.1,332.3,369.9,465.0,465.0,571.2,637.4,683.6,696.5,942.1,1034.1,1088.0,1165.2,1239.3,1199.8,1258.4,1131.6,1183.1,983.9,1160.2,916.6,1100.4,819.0,638.7,488.9,2020-03-18 15:36:52
2020-03-18 15:50:33,2020,3,18,15,50,33,1008.8,296.8,30.5,-99.9,26,10.0,500.0,1483.6,468.6,342.1,316.3,319.1,404.3,484.4,556.0,658.4,705.7,815.5,901.8,972.7,1072.9,1179.3,1250.0,1314.0,1357.1,1156.9,1190.3,1014.8,1158.1,993.4,1088.3,873.5,661.9,575.0,2020-03-18 15:50:33
2020-03-18 16:04:14,2020,3,18,16,4,14,1008.7,296.8,30.4,-99.9,26,10.0,500.0,1424.3,346.5,331.9,357.4,446.9,441.1,479.1,574.9,674.2,779.7,839.8,893.2,972.1,1030.6,1120.5,1166.6,1282.6,1206.6,1120.2,1040.8,928.9,1061.3,901.2,1052.1,799.7,621.6,489.2,2020-03-18 16:04:14
2020-03-18 16:17:55,2020,3,18,16,17,55,1008.6,296.8,30.3,-99.9,26,10.0,500.0,1394.7,392.3,303.5,340.8,367.2,403.8,524.7,606.0,637.6,682.6,805.5,933.2,1042.9,1089.5,1044.2,875.3,1074.5,1269.3,1129.0,1025.2,928.7,1063.6,947.0,1030.5,827.7,672.3,506.2,2020-03-18 16:17:55
2020-03-18 16:31:36,2020,3,18,16,31,36,1008.5,296.8,30.3,-99.9,26,10.0,500.0,1517.1,439.0,303.8,418.7,345.4,443.6,526.2,670.2,737.7,760.3,890.9,1038.1,1091.9,1116.6,1177.7,1258.3,1396.4,1417.7,1207.5,1079.9,1047.1,1038.1,916.2,1017.3,863.1,639.1,483.1,2020-03-18 16:31:36
2020-03-18 16:45:17,2020,3,18,16,45,17,1008.4,296.8,30.3,-99.9,26,10.0,500.0,1489.9,404.8,343.6,309.2,321.6,392.6,567.1,613.0,691.6,737.1,828.2,900.1,1035.3,1198.4,1200.6,1159.6,1192.1,1293.5,1192.6,1203.0,1105.6,1125.9,926.6,1100.8,868.4,664.4,548.5,2020-03-18 16:45:17
2020-03-18 16:58:58,2020,3,18,16,58,58,1008.3,296.8,30.2,-99.9,26,10.0,500.0,1597.4,494.6,392.2,391.1,407.4,492.5,591.8,587.2,700.2,802.5,891.5,1005.9,1115.0,1216.8,1325.0,1337.8,1362.9,1426.8,1185.2,1227.5,1069.8,1244.3,1039.3,1164.8,823.4,662.7,546.6,2020-03-18 16:58:58
2020-03-18 17:12:39,2020,3,18,17,12,39,1008.3,296.8,30.2,-99.9,26,10.0,500.0,1493.1,277.0,348.5,444.1,367.4,415.7,482.9,573.1,640.2,797.3,825.0,880.7,1039.6,1091.2,1174.1,1334.8,1330.4,1308.3,1220.5,1212.5,1082.0,1152.3,973.8,1080.0,802.4,646.5,470.8,2020-03-18 17:12:39
2020-03-18 17:26:20,2020,3,18,17,26,20,1008.2,296.8,30.2,-99.9,26,10.0,500.0,1499.6,460.1,302.5,394.5,359.7,444.4,469.5,593.5,635.3,757.9,817.4,924.6,1006.3,1104.3,1147.4,1373.2,1278.8,1222.2,1138.3,1116.3,1115.8,1175.7,977.0,1129.3,881.9,712.5,527.3,2020-03-18 17:26:20
2020-03-18 17:40:01,2020,3,18,17,40,1,1008.1,296.8,30.2,-99.9,26,10.0,500.0,1393.8,392.4,326.0,334.5,354.3,442.5,480.4,554.0,683.5,719.2,902.6,843.3,950.1,997.0,960.5,1026.3,1191.8,1144.6,1039.0,1062.0,1009.3,1129.9,970.8,1061.2,813.6,635.3,485.9,2020-03-18 17:40:01
2020-03-18 17:53:42,2020,3,18,17,53,42,1008.1,296.8,30.2,-99.9,26,10.0,500.0,1273.0,413.7,313.4,323.6,252.9,411.6,406.7,449.3,587.8,647.8,688.8,832.2,896.4,989.7,1003.9,1039.0,1058.0,993.3,930.9,990.0,878.2,958.1,895.1,994.5,762.9,584.1,430.2,2020-03-18 17:53:42
2020-03-18 18:07:23,2020,3,18,18,7,23,1008.1,296.8,30.2,-99.9,26,10.0,500.0,1327.6,230.1,291.3,256.3,261.7,310.2,458.3,470.3,550.6,584.9,677.1,811.6,893.1,885.5,950.5,927.7,946.4,1108.7,1174.4,1146.4,1118.9,1187.9,1032.2,1129.7,933.0,684.1,514.6,2020-03-18 18:07:23
2020-03-18 18:21:04,2020,3,18,18,21,4,1008.0,296.8,30.2,-99.9,26,10.0,500.0,1523.3,322.5,302.9,365.8,388.2,503.1,571.4,603.5,688.5,743.8,903.1,1034.5,1005.5,1160.9,1262.3,1268.3,1299.6,1180.9,1156.8,1113.9,1056.8,1233.5,1103.1,1171.9,892.7,616.6,465.1,2020-03-18 18:21:04
2020-03-18 18:34:45,2020,3,18,18,34,45,1007.9,296.8,30.2,-99.9,26,10.0,500.0,1380.8,311.3,308.8,289.2,319.4,367.6,391.2,491.1,573.9,730.9,789.6,910.6,1033.5,1069.3,1066.5,1232.2,1270.8,1120.9,1039.6,1049.7,1009.0,1141.5,1050.0,1045.9,760.7,559.7,385.3,2020-03-18 18:34:45
2020-03-18 18:48:26,2020,3,18,18,48,26,1008.0,296.6,30.2,-99.9,26,10.0,500.0,1174.4,322.5,291.6,288.9,277.5,369.0,408.7,455.3,577.5,539.7,629.1,680.4,805.1,841.1,934.2,1021.2,1039.9,1038.2,865.0,840.7,823.5,928.9,770.7,894.0,726.7,550.1,361.8,2020-03-18 18:48:26
2020-03-18 19:02:07,2020,3,18,19,2,7,1008.1,296.6,30.3,-99.9,26,10.0,500.0,1117.1,207.7,224.8,218.6,216.9,337.1,365.9,411.3,465.0,533.1,679.8,723.5,738.4,753.9,811.6,923.2,967.7,918.9,817.4,806.8,837.5,957.6,842.3,916.5,744.6,595.1,423.0,2020-03-18 19:02:07
2020-03-18 19:15:48,2020,3,18,19,15,48,1008.0,296.5,30.2,-99.9,26,10.0,500.0,1358.9,380.0,291.6,333.9,305.8,390.6,423.2,492.6,567.5,749.9,784.6,776.7,853.4,970.6,1062.2,1174.3,1194.4,1142.7,1050.8,1175.8,997.4,1041.6,921.9,1044.1,824.6,608.9,436.3,2020-03-18 19:15:48
2020-03-18 19:29:29,2020,3,18,19,29,29,1007.9,296.5,30.2,-99.9,26,10.0,500.0,1279.1,368.9,292.0,295.5,330.1,374.0,454.2,498.8,601.8,640.1,759.6,772.0,884.6,897.8,964.3,1208.3,1231.2,1057.7,822.3,840.6,726.4,968.4,935.5,1067.0,786.8,606.9,437.2,2020-03-18 19:29:29
2020-03-18 19:43:10,2020,3,18,19,43,10,1007.9,296.5,30.3,-99.9,26,10.0,500.0,2302.1,415.0,303.2,336.6,581.5,737.1,923.3,921.5,1162.9,1334.9,1525.7,1628.3,1849.0,1837.3,1961.7,2070.5,2103.7,1957.8,1719.6,1692.3,1544.1,1581.2,1389.3,1479.1,1231.0,915.2,672.8,2020-03-18 19:43:10
2020-03-18 19:56:51,2020,3,18,19,56,51,1007.7,296.5,30.3,-99.9,26,10.0,500.0,2590.4,758.5,526.1,644.0,614.9,714.3,813.2,933.5,1209.5,1286.9,1484.1,1484.5,1567.0,1506.1,2211.3,2514.9,2571.3,2534.3,2198.1,2288.1,1804.6,1865.6,1587.5,1792.2,1379.8,1059.2,767.6,2020-03-18 19:56:51
2020-03-18 20:10:32,2020,3,18,20,10,32,1007.7,296.5,30.3,-99.9,26,10.0,500.0,2915.2,747.0,761.2,656.5,705.0,841.2,1002.8,1291.4,1427.1,1499.7,1635.9,2048.6,2572.5,2535.3,2466.1,2666.1,2631.1,2397.2,2025.9,2196.9,1990.4,2087.3,1707.8,1826.8,1382.9,1024.9,769.1,2020-03-18 20:10:32
2020-03-18 20:24:13,2020,3,18,20,24,13,1007.8,296.5,30.3,-99.9,26,10.0,500.0,3041.7,863.8,673.1,641.5,861.3,911.3,1142.7,1344.2,1426.7,1743.4,1980.6,2109.9,2274.4,2390.8,2504.7,2593.4,2675.2,2657.5,2280.2,2321.8,1998.5,2279.5,1835.8,1913.9,1432.2,1125.6,775.4,2020-03-18 20:24:13
2020-03-18 20:37:54,2020,3,18,20,37,54,1007.8,296.6,30.3,-99.9,26,10.0,500.0,3480.4,884.9,878.7,839.1,937.6,1121.4,1210.6,1441.8,1647.3,1790.8,1940.1,2263.1,2556.6,2733.8,2901.6,3074.7,3125.6,3101.9,2735.3,2654.6,2403.2,2557.8,2155.1,2292.0,1729.2,1318.1,918.3,2020-03-18 20:37:54
2020-03-18 20:51:35,2020,3,18,20,51,35,1007.8,296.6,30.3,-99.9,26,10.0,500.0,3252.3,955.9,740.4,856.9,915.3,1206.9,1243.9,1488.1,1704.2,1949.7,2072.3,2234.2,2391.0,2540.6,2764.2,2802.0,2748.6,2649.2,2484.4,2528.5,2163.8,2296.2,1834.9,1947.6,1490.4,1103.8,743.9,2020-03-18 20:51:35
2020-03-18 21:05:16,2020,3,18,21,5,16,1008.0,296.6,30.3,-99.9,26,10.0,500.0,2400.4,750.2,601.4,527.2,643.2,771.7,902.2,1048.2,1268.8,1400.1,1413.6,1594.7,1576.9,1776.8,2125.2,2232.6,2389.0,2243.0,1952.6,1634.2,1463.9,1617.0,1322.6,1469.9,1086.3,858.2,651.4,2020-03-18 21:05:16
2020-03-18 21:18:57,2020,3,18,21,18,57,1008.0,296.8,30.4,-99.9,26,10.0,500.0,2325.8,677.3,508.8,675.2,650.8,858.5,907.9,1012.4,1161.3,1252.2,1394.0,1624.7,1737.2,1763.7,1728.5,2117.4,1992.1,1910.3,1583.1,1651.9,1502.4,1616.9,1473.9,1633.2,1208.8,903.5,677.6,2020-03-18 21:18:57
2020-03-18 21:32:38,2020,3,18,21,32,38,1007.9,296.6,30.4,-99.9,26,10.0,500.0,2090.7,656.5,510.4,571.4,612.5,666.4,769.9,782.7,924.6,1201.8,1318.3,1291.5,1429.8,1536.4,1878.7,1827.3,1731.4,1806.8,1567.6,1649.7,1463.3,1524.3,1275.3,1311.6,1092.2,786.4,577.3,2020-03-18 21:32:38
2020-03-18 21:46:19,2020,3,18,21,46,19,1008.0,296.8,30.4,-99.9,26,10.0,500.0,2074.9,529.8,577.7,503.9,527.1,613.5,737.9,795.9,1113.6,1058.1,1201.4,1287.4,1420.7,1759.1,1794.9,1605.1,1808.8,1784.6,1716.4,1683.2,1400.8,1355.7,1267.1,1380.3,1149.0,875.2,584.5,2020-03-18 21:46:19
2020-03-18 22:00:00,2020,3,18,22,0,0,1007.9,296.8,30.4,-99.9,26,10.0,500.0,2200.2,574.7,632.5,566.8,656.5,782.3,858.3,868.3,1062.5,1271.1,1390.8,1390.8,1468.9,1644.2,1659.9,1995.4,1908.4,1937.0,1698.0,1723.5,1489.9,1714.6,1300.9,1390.5,1041.1,742.1,606.3,2020-03-18 22:00:00
2020-03-18 22:13:41,2020,3,18,22,13,41,1007.7,296.8,30.4,-99.9,26,10.0,500.0,2401.1,782.4,728.4,609.2,728.6,742.2,902.7,1080.4,1291.6,1302.0,1500.0,1405.0,1421.4,1881.2,1987.4,1866.2,2163.4,2103.7,2061.3,1973.0,1599.4,1462.7,1376.6,1576.0,1241.2,895.7,649.9,2020-03-18 22:13:41
2020-03-18 22:27:22,2020,3,18,22,27,22,1007.5,296.8,30.5,-99.9,26,10.0,500.0,2707.2,495.9,499.8,742.3,775.4,928.6,1088.3,1150.3,1442.9,1420.3,1811.4,1962.2,2020.2,2197.1,2377.4,2559.5,2597.1,2380.8,2053.6,1956.2,1640.6,1778.9,1433.1,1686.6,1299.9,928.9,608.8,2020-03-18 22:27:22
2020-03-18 22:41:03,2020,3,18,22,41,3,1007.3,296.9,30.5,-99.9,26,10.0,500.0,2597.2,689.0,576.0,595.1,696.4,800.1,920.2,1111.4,1374.4,1607.8,1575.4,1727.6,2083.0,2101.5,2031.1,2182.7,2143.5,2512.3,2109.8,1952.9,1639.6,1787.1,1588.8,1571.6,1219.9,963.8,656.1,2020-03-18 22:41:03
2020-03-18 22:54:44,2020,3,18,22,54,44,1006.9,296.9,30.5,-99.9,26,10.0,500.0,2706.7,759.7,577.3,728.1,662.1,771.9,1019.9,1275.9,1477.4,1492.3,1652.4,1803.8,1922.5,2143.8,2044.8,2407.3,2466.7,2480.8,2319.4,2241.4,1801.1,1779.2,1456.9,1613.2,1317.2,914.2,699.5,2020-03-18 22:54:44
2020-03-18 23:08:25,2020,3,18,23,8,25,1006.7,297.0,30.5,-99.9,26,10.0,500.0,2645.1,760.5,673.4,571.3,663.5,882.0,965.3,1145.0,1246.9,1321.1,1671.1,1911.1,1936.7,2126.3,2363.4,2418.8,2246.8,2205.6,1796.9,1841.0,1839.8,1843.9,1659.7,1785.5,1327.8,984.9,733.9,2020-03-18 23:08:25
2020-03-18 23:22:06,2020,3,18,23,22,6,1006.9,297.0,30.5,-99.9,26,10.0,500.0,2559.2,668.3,521.8,654.7,678.6,807.5,1099.5,1059.6,1179.5,1423.4,1473.4,1727.9,1730.9,1825.0,1748.2,1849.9,1914.7,2504.0,2095.4,2173.6,1873.2,2109.3,1572.1,1810.6,1305.8,1083.0,768.8,2020-03-18 23:22:06
2020-03-18 23:35:47,2020,3,18,23,35,47,1007.0,297.1,30.6,-99.9,26,10.0,500.0,3473.7,873.8,587.9,637.3,831.4,979.8,1060.3,1415.1,1967.6,2036.3,2350.9,2601.0,2711.4,2928.8,3176.8,3186.7,3046.8,2998.9,2729.8,2775.2,2147.3,2296.7,2013.1,2096.8,1581.3,1221.0,863.3,2020-03-18 23:35:47
